{
  "accuracy": 0.958041958041958,
  "precision": 0.9615384615384616,
  "recall": 0.9259259259259259,
  "f1": 0.9433962264150944
}